-- phpMyAdmin SQL Dump
-- version 4.8.3
-- https://www.phpmyadmin.net/
--
-- Host: 127.0.0.1
-- Generation Time: Oct 27, 2020 at 04:31 AM
-- Server version: 10.1.35-MariaDB
-- PHP Version: 7.2.9

SET SQL_MODE = "NO_AUTO_VALUE_ON_ZERO";
SET AUTOCOMMIT = 0;
START TRANSACTION;
SET time_zone = "+00:00";


/*!40101 SET @OLD_CHARACTER_SET_CLIENT=@@CHARACTER_SET_CLIENT */;
/*!40101 SET @OLD_CHARACTER_SET_RESULTS=@@CHARACTER_SET_RESULTS */;
/*!40101 SET @OLD_COLLATION_CONNECTION=@@COLLATION_CONNECTION */;
/*!40101 SET NAMES utf8mb4 */;

--
-- Database: `fyntune`
--

-- --------------------------------------------------------

--
-- Table structure for table `carts`
--

CREATE TABLE `carts` (
  `id` int(10) NOT NULL,
  `cart_data` text NOT NULL,
  `user_id` int(11) NOT NULL
) ENGINE=InnoDB DEFAULT CHARSET=latin1;

--
-- Dumping data for table `carts`
--

INSERT INTO `carts` (`id`, `cart_data`, `user_id`) VALUES
(1, 'YToxOntzOjE4OiJvcmRlcl9pdGVtX2RldGFpbHMiO2E6MTp7aTowO2E6NDp7czo1OiJ0aXRsZSI7czo1MzoiRmphbGxyYXZlbiAtIEZvbGRzYWNrIE5vLiAxIEJhY2twYWNrLCBGaXRzIDE1IExhcHRvcHMiO3M6NToiaW1hZ2UiO3M6NTY6Imh0dHBzOi8vZmFrZXN0b3JlYXBpLmNvbS9pbWcvODFmUEtkLTJBWUwuX0FDX1NMMTUwMF8uanBnIjtzOjExOiJkZXNjcmlwdGlvbiI7czoxMzE6IllvdXIgcGVyZmVjdCBwYWNrIGZvciBldmVyeWRheSB1c2UgYW5kIHdhbGtzIGluIHRoZSBmb3Jlc3QuIFN0YXNoIHlvdXIgbGFwdG9wICh1cCB0byAxNSBpbmNoZXMpIGluIHRoZSBwYWRkZWQgc2xlZXZlLCB5b3VyIGV2ZXJ5ZGF5IjtzOjU6InByaWNlIjtzOjY6IjEwOS45NSI7fX19', 1),
(2, 'YToxOntzOjE4OiJvcmRlcl9pdGVtX2RldGFpbHMiO2E6MTp7aTowO2E6NDp7czo1OiJ0aXRsZSI7czo1MzoiRmphbGxyYXZlbiAtIEZvbGRzYWNrIE5vLiAxIEJhY2twYWNrLCBGaXRzIDE1IExhcHRvcHMiO3M6NToiaW1hZ2UiO3M6NTY6Imh0dHBzOi8vZmFrZXN0b3JlYXBpLmNvbS9pbWcvODFmUEtkLTJBWUwuX0FDX1NMMTUwMF8uanBnIjtzOjExOiJkZXNjcmlwdGlvbiI7czoxMzE6IllvdXIgcGVyZmVjdCBwYWNrIGZvciBldmVyeWRheSB1c2UgYW5kIHdhbGtzIGluIHRoZSBmb3Jlc3QuIFN0YXNoIHlvdXIgbGFwdG9wICh1cCB0byAxNSBpbmNoZXMpIGluIHRoZSBwYWRkZWQgc2xlZXZlLCB5b3VyIGV2ZXJ5ZGF5IjtzOjU6InByaWNlIjtzOjY6IjEwOS45NSI7fX19', 1),
(3, 'YToxOntzOjE4OiJvcmRlcl9pdGVtX2RldGFpbHMiO2E6MTp7aTowO2E6NDp7czo1OiJ0aXRsZSI7czozODoiTWVucyBDYXN1YWwgUHJlbWl1bSBTbGltIEZpdCBULVNoaXJ0cyAiO3M6NToiaW1hZ2UiO3M6NzE6Imh0dHBzOi8vZmFrZXN0b3JlYXBpLmNvbS9pbWcvNzEtM0hqR05EVUwuX0FDX1NZODc5Ll9TWC5fVVguX1NZLl9VWV8uanBnIjtzOjExOiJkZXNjcmlwdGlvbiI7czozMzg6IlNsaW0tZml0dGluZyBzdHlsZSwgY29udHJhc3QgcmFnbGFuIGxvbmcgc2xlZXZlLCB0aHJlZS1idXR0b24gaGVubGV5IHBsYWNrZXQsIGxpZ2h0IHdlaWdodCAmIHNvZnQgZmFicmljIGZvciBicmVhdGhhYmxlIGFuZCBjb21mb3J0YWJsZSB3ZWFyaW5nLiBBbmQgU29saWQgc3RpdGNoZWQgc2hpcnRzIHdpdGggcm91bmQgbmVjayBtYWRlIGZvciBkdXJhYmlsaXR5IGFuZCBhIGdyZWF0IGZpdCBmb3IgY2FzdWFsIGZhc2hpb24gd2VhciBhbmQgZGllaGFyZCBiYXNlYmFsbCBmYW5zLiBUaGUgSGVubGV5IHN0eWxlIHJvdW5kIG5lY2tsaW5lIGluY2x1ZGVzIGEgdGhyZWUtYnV0dG9uIHBsYWNrZXQuIjtzOjU6InByaWNlIjtzOjQ6IjIyLjMiO319fQ==', 1),
(4, 'YToxOntzOjE4OiJvcmRlcl9pdGVtX2RldGFpbHMiO2E6MTp7aTowO2E6NDp7czo1OiJ0aXRsZSI7czoxODoiTWVucyBDb3R0b24gSmFja2V0IjtzOjU6ImltYWdlIjtzOjU1OiJodHRwczovL2Zha2VzdG9yZWFwaS5jb20vaW1nLzcxbGktdWp0bFVMLl9BQ19VWDY3OV8uanBnIjtzOjExOiJkZXNjcmlwdGlvbiI7czozMDc6ImdyZWF0IG91dGVyd2VhciBqYWNrZXRzIGZvciBTcHJpbmcvQXV0dW1uL1dpbnRlciwgc3VpdGFibGUgZm9yIG1hbnkgb2NjYXNpb25zLCBzdWNoIGFzIHdvcmtpbmcsIGhpa2luZywgY2FtcGluZywgbW91bnRhaW4vcm9jayBjbGltYmluZywgY3ljbGluZywgdHJhdmVsaW5nIG9yIG90aGVyIG91dGRvb3JzLiBHb29kIGdpZnQgY2hvaWNlIGZvciB5b3Ugb3IgeW91ciBmYW1pbHkgbWVtYmVyLiBBIHdhcm0gaGVhcnRlZCBsb3ZlIHRvIEZhdGhlciwgaHVzYmFuZCBvciBzb24gaW4gdGhpcyB0aGFua3NnaXZpbmcgb3IgQ2hyaXN0bWFzIERheS4iO3M6NToicHJpY2UiO3M6NToiNTUuOTkiO319fQ==', 1),
(5, 'YToxOntzOjE4OiJvcmRlcl9pdGVtX2RldGFpbHMiO2E6MTp7aTowO2E6NDp7czo1OiJ0aXRsZSI7czo1MzoiRmphbGxyYXZlbiAtIEZvbGRzYWNrIE5vLiAxIEJhY2twYWNrLCBGaXRzIDE1IExhcHRvcHMiO3M6NToiaW1hZ2UiO3M6NTY6Imh0dHBzOi8vZmFrZXN0b3JlYXBpLmNvbS9pbWcvODFmUEtkLTJBWUwuX0FDX1NMMTUwMF8uanBnIjtzOjExOiJkZXNjcmlwdGlvbiI7czoxMzE6IllvdXIgcGVyZmVjdCBwYWNrIGZvciBldmVyeWRheSB1c2UgYW5kIHdhbGtzIGluIHRoZSBmb3Jlc3QuIFN0YXNoIHlvdXIgbGFwdG9wICh1cCB0byAxNSBpbmNoZXMpIGluIHRoZSBwYWRkZWQgc2xlZXZlLCB5b3VyIGV2ZXJ5ZGF5IjtzOjU6InByaWNlIjtzOjY6IjEwOS45NSI7fX19', 1),
(6, 'YToxOntzOjE4OiJvcmRlcl9pdGVtX2RldGFpbHMiO2E6MTp7aTowO2E6NDp7czo1OiJ0aXRsZSI7czo1MzoiRmphbGxyYXZlbiAtIEZvbGRzYWNrIE5vLiAxIEJhY2twYWNrLCBGaXRzIDE1IExhcHRvcHMiO3M6NToiaW1hZ2UiO3M6NTY6Imh0dHBzOi8vZmFrZXN0b3JlYXBpLmNvbS9pbWcvODFmUEtkLTJBWUwuX0FDX1NMMTUwMF8uanBnIjtzOjExOiJkZXNjcmlwdGlvbiI7czoxMzE6IllvdXIgcGVyZmVjdCBwYWNrIGZvciBldmVyeWRheSB1c2UgYW5kIHdhbGtzIGluIHRoZSBmb3Jlc3QuIFN0YXNoIHlvdXIgbGFwdG9wICh1cCB0byAxNSBpbmNoZXMpIGluIHRoZSBwYWRkZWQgc2xlZXZlLCB5b3VyIGV2ZXJ5ZGF5IjtzOjU6InByaWNlIjtzOjY6IjEwOS45NSI7fX19', 1),
(7, 'YToxOntzOjE4OiJvcmRlcl9pdGVtX2RldGFpbHMiO2E6MTp7aTowO2E6NDp7czo1OiJ0aXRsZSI7czo1MzoiRmphbGxyYXZlbiAtIEZvbGRzYWNrIE5vLiAxIEJhY2twYWNrLCBGaXRzIDE1IExhcHRvcHMiO3M6NToiaW1hZ2UiO3M6NTY6Imh0dHBzOi8vZmFrZXN0b3JlYXBpLmNvbS9pbWcvODFmUEtkLTJBWUwuX0FDX1NMMTUwMF8uanBnIjtzOjExOiJkZXNjcmlwdGlvbiI7czoxMzE6IllvdXIgcGVyZmVjdCBwYWNrIGZvciBldmVyeWRheSB1c2UgYW5kIHdhbGtzIGluIHRoZSBmb3Jlc3QuIFN0YXNoIHlvdXIgbGFwdG9wICh1cCB0byAxNSBpbmNoZXMpIGluIHRoZSBwYWRkZWQgc2xlZXZlLCB5b3VyIGV2ZXJ5ZGF5IjtzOjU6InByaWNlIjtzOjY6IjEwOS45NSI7fX19', 1),
(8, 'YToxOntzOjE4OiJvcmRlcl9pdGVtX2RldGFpbHMiO2E6MTp7aTowO2E6NDp7czo1OiJ0aXRsZSI7czo1MzoiRmphbGxyYXZlbiAtIEZvbGRzYWNrIE5vLiAxIEJhY2twYWNrLCBGaXRzIDE1IExhcHRvcHMiO3M6NToiaW1hZ2UiO3M6NTY6Imh0dHBzOi8vZmFrZXN0b3JlYXBpLmNvbS9pbWcvODFmUEtkLTJBWUwuX0FDX1NMMTUwMF8uanBnIjtzOjExOiJkZXNjcmlwdGlvbiI7czoxMzE6IllvdXIgcGVyZmVjdCBwYWNrIGZvciBldmVyeWRheSB1c2UgYW5kIHdhbGtzIGluIHRoZSBmb3Jlc3QuIFN0YXNoIHlvdXIgbGFwdG9wICh1cCB0byAxNSBpbmNoZXMpIGluIHRoZSBwYWRkZWQgc2xlZXZlLCB5b3VyIGV2ZXJ5ZGF5IjtzOjU6InByaWNlIjtzOjY6IjEwOS45NSI7fX19', 1),
(9, 'YToxOntzOjE4OiJvcmRlcl9pdGVtX2RldGFpbHMiO2E6MTp7aTowO2E6NDp7czo1OiJ0aXRsZSI7czo1MzoiRmphbGxyYXZlbiAtIEZvbGRzYWNrIE5vLiAxIEJhY2twYWNrLCBGaXRzIDE1IExhcHRvcHMiO3M6NToiaW1hZ2UiO3M6NTY6Imh0dHBzOi8vZmFrZXN0b3JlYXBpLmNvbS9pbWcvODFmUEtkLTJBWUwuX0FDX1NMMTUwMF8uanBnIjtzOjExOiJkZXNjcmlwdGlvbiI7czoxMzE6IllvdXIgcGVyZmVjdCBwYWNrIGZvciBldmVyeWRheSB1c2UgYW5kIHdhbGtzIGluIHRoZSBmb3Jlc3QuIFN0YXNoIHlvdXIgbGFwdG9wICh1cCB0byAxNSBpbmNoZXMpIGluIHRoZSBwYWRkZWQgc2xlZXZlLCB5b3VyIGV2ZXJ5ZGF5IjtzOjU6InByaWNlIjtzOjY6IjEwOS45NSI7fX19', 1),
(10, 'YToxOntzOjE4OiJvcmRlcl9pdGVtX2RldGFpbHMiO2E6MTp7aTowO2E6NDp7czo1OiJ0aXRsZSI7czo1MzoiRmphbGxyYXZlbiAtIEZvbGRzYWNrIE5vLiAxIEJhY2twYWNrLCBGaXRzIDE1IExhcHRvcHMiO3M6NToiaW1hZ2UiO3M6NTY6Imh0dHBzOi8vZmFrZXN0b3JlYXBpLmNvbS9pbWcvODFmUEtkLTJBWUwuX0FDX1NMMTUwMF8uanBnIjtzOjExOiJkZXNjcmlwdGlvbiI7czoxMzE6IllvdXIgcGVyZmVjdCBwYWNrIGZvciBldmVyeWRheSB1c2UgYW5kIHdhbGtzIGluIHRoZSBmb3Jlc3QuIFN0YXNoIHlvdXIgbGFwdG9wICh1cCB0byAxNSBpbmNoZXMpIGluIHRoZSBwYWRkZWQgc2xlZXZlLCB5b3VyIGV2ZXJ5ZGF5IjtzOjU6InByaWNlIjtzOjY6IjEwOS45NSI7fX19', 1),
(11, 'YToxOntzOjE4OiJvcmRlcl9pdGVtX2RldGFpbHMiO2E6MTp7aTowO2E6NDp7czo1OiJ0aXRsZSI7czo1MzoiRmphbGxyYXZlbiAtIEZvbGRzYWNrIE5vLiAxIEJhY2twYWNrLCBGaXRzIDE1IExhcHRvcHMiO3M6NToiaW1hZ2UiO3M6NTY6Imh0dHBzOi8vZmFrZXN0b3JlYXBpLmNvbS9pbWcvODFmUEtkLTJBWUwuX0FDX1NMMTUwMF8uanBnIjtzOjExOiJkZXNjcmlwdGlvbiI7czoxMzE6IllvdXIgcGVyZmVjdCBwYWNrIGZvciBldmVyeWRheSB1c2UgYW5kIHdhbGtzIGluIHRoZSBmb3Jlc3QuIFN0YXNoIHlvdXIgbGFwdG9wICh1cCB0byAxNSBpbmNoZXMpIGluIHRoZSBwYWRkZWQgc2xlZXZlLCB5b3VyIGV2ZXJ5ZGF5IjtzOjU6InByaWNlIjtzOjY6IjEwOS45NSI7fX19', 1),
(12, 'YToxOntzOjE4OiJvcmRlcl9pdGVtX2RldGFpbHMiO2E6MTp7aTowO2E6NDp7czo1OiJ0aXRsZSI7czo1MzoiRmphbGxyYXZlbiAtIEZvbGRzYWNrIE5vLiAxIEJhY2twYWNrLCBGaXRzIDE1IExhcHRvcHMiO3M6NToiaW1hZ2UiO3M6NTY6Imh0dHBzOi8vZmFrZXN0b3JlYXBpLmNvbS9pbWcvODFmUEtkLTJBWUwuX0FDX1NMMTUwMF8uanBnIjtzOjExOiJkZXNjcmlwdGlvbiI7czoxMzE6IllvdXIgcGVyZmVjdCBwYWNrIGZvciBldmVyeWRheSB1c2UgYW5kIHdhbGtzIGluIHRoZSBmb3Jlc3QuIFN0YXNoIHlvdXIgbGFwdG9wICh1cCB0byAxNSBpbmNoZXMpIGluIHRoZSBwYWRkZWQgc2xlZXZlLCB5b3VyIGV2ZXJ5ZGF5IjtzOjU6InByaWNlIjtzOjY6IjEwOS45NSI7fX19', 1),
(13, 'YToxOntzOjE4OiJvcmRlcl9pdGVtX2RldGFpbHMiO2E6MTp7aTowO2E6NDp7czo1OiJ0aXRsZSI7czo1MzoiRmphbGxyYXZlbiAtIEZvbGRzYWNrIE5vLiAxIEJhY2twYWNrLCBGaXRzIDE1IExhcHRvcHMiO3M6NToiaW1hZ2UiO3M6NTY6Imh0dHBzOi8vZmFrZXN0b3JlYXBpLmNvbS9pbWcvODFmUEtkLTJBWUwuX0FDX1NMMTUwMF8uanBnIjtzOjExOiJkZXNjcmlwdGlvbiI7czoxMzE6IllvdXIgcGVyZmVjdCBwYWNrIGZvciBldmVyeWRheSB1c2UgYW5kIHdhbGtzIGluIHRoZSBmb3Jlc3QuIFN0YXNoIHlvdXIgbGFwdG9wICh1cCB0byAxNSBpbmNoZXMpIGluIHRoZSBwYWRkZWQgc2xlZXZlLCB5b3VyIGV2ZXJ5ZGF5IjtzOjU6InByaWNlIjtzOjY6IjEwOS45NSI7fX19', 1),
(14, 'YToxOntzOjE4OiJvcmRlcl9pdGVtX2RldGFpbHMiO2E6MTp7aTowO2E6NDp7czo1OiJ0aXRsZSI7czo1MzoiRmphbGxyYXZlbiAtIEZvbGRzYWNrIE5vLiAxIEJhY2twYWNrLCBGaXRzIDE1IExhcHRvcHMiO3M6NToiaW1hZ2UiO3M6NTY6Imh0dHBzOi8vZmFrZXN0b3JlYXBpLmNvbS9pbWcvODFmUEtkLTJBWUwuX0FDX1NMMTUwMF8uanBnIjtzOjExOiJkZXNjcmlwdGlvbiI7czoxMzE6IllvdXIgcGVyZmVjdCBwYWNrIGZvciBldmVyeWRheSB1c2UgYW5kIHdhbGtzIGluIHRoZSBmb3Jlc3QuIFN0YXNoIHlvdXIgbGFwdG9wICh1cCB0byAxNSBpbmNoZXMpIGluIHRoZSBwYWRkZWQgc2xlZXZlLCB5b3VyIGV2ZXJ5ZGF5IjtzOjU6InByaWNlIjtzOjY6IjEwOS45NSI7fX19', 1),
(15, 'YToxOntzOjE4OiJvcmRlcl9pdGVtX2RldGFpbHMiO2E6Nzp7aTowO2E6NDp7czo1OiJ0aXRsZSI7czo1MzoiRmphbGxyYXZlbiAtIEZvbGRzYWNrIE5vLiAxIEJhY2twYWNrLCBGaXRzIDE1IExhcHRvcHMiO3M6NToiaW1hZ2UiO3M6NTY6Imh0dHBzOi8vZmFrZXN0b3JlYXBpLmNvbS9pbWcvODFmUEtkLTJBWUwuX0FDX1NMMTUwMF8uanBnIjtzOjExOiJkZXNjcmlwdGlvbiI7czoxMzE6IllvdXIgcGVyZmVjdCBwYWNrIGZvciBldmVyeWRheSB1c2UgYW5kIHdhbGtzIGluIHRoZSBmb3Jlc3QuIFN0YXNoIHlvdXIgbGFwdG9wICh1cCB0byAxNSBpbmNoZXMpIGluIHRoZSBwYWRkZWQgc2xlZXZlLCB5b3VyIGV2ZXJ5ZGF5IjtzOjU6InByaWNlIjtzOjY6IjEwOS45NSI7fWk6MTthOjQ6e3M6NToidGl0bGUiO3M6MjA6Ik1lbnMgQ2FzdWFsIFNsaW0gRml0IjtzOjU6ImltYWdlIjtzOjU1OiJodHRwczovL2Zha2VzdG9yZWFwaS5jb20vaW1nLzcxWVh6ZU91c2xMLl9BQ19VWTg3OV8uanBnIjtzOjExOiJkZXNjcmlwdGlvbiI7czoyMTM6IlRoZSBjb2xvciBjb3VsZCBiZSBzbGlnaHRseSBkaWZmZXJlbnQgYmV0d2VlbiBvbiB0aGUgc2NyZWVuIGFuZCBpbiBwcmFjdGljZS4gLyBQbGVhc2Ugbm90ZSB0aGF0IGJvZHkgYnVpbGRzIHZhcnkgYnkgcGVyc29uLCB0aGVyZWZvcmUsIGRldGFpbGVkIHNpemUgaW5mb3JtYXRpb24gc2hvdWxkIGJlIHJldmlld2VkIGJlbG93IG9uIHRoZSBwcm9kdWN0IGRlc2NyaXB0aW9uLiI7czo1OiJwcmljZSI7czo1OiIxNS45OSI7fWk6MjthOjQ6e3M6NToidGl0bGUiO3M6MjA6Ik1lbnMgQ2FzdWFsIFNsaW0gRml0IjtzOjU6ImltYWdlIjtzOjU1OiJodHRwczovL2Zha2VzdG9yZWFwaS5jb20vaW1nLzcxWVh6ZU91c2xMLl9BQ19VWTg3OV8uanBnIjtzOjExOiJkZXNjcmlwdGlvbiI7czoyMTM6IlRoZSBjb2xvciBjb3VsZCBiZSBzbGlnaHRseSBkaWZmZXJlbnQgYmV0d2VlbiBvbiB0aGUgc2NyZWVuIGFuZCBpbiBwcmFjdGljZS4gLyBQbGVhc2Ugbm90ZSB0aGF0IGJvZHkgYnVpbGRzIHZhcnkgYnkgcGVyc29uLCB0aGVyZWZvcmUsIGRldGFpbGVkIHNpemUgaW5mb3JtYXRpb24gc2hvdWxkIGJlIHJldmlld2VkIGJlbG93IG9uIHRoZSBwcm9kdWN0IGRlc2NyaXB0aW9uLiI7czo1OiJwcmljZSI7czo1OiIxNS45OSI7fWk6MzthOjQ6e3M6NToidGl0bGUiO3M6MjA6Ik1lbnMgQ2FzdWFsIFNsaW0gRml0IjtzOjU6ImltYWdlIjtzOjU1OiJodHRwczovL2Zha2VzdG9yZWFwaS5jb20vaW1nLzcxWVh6ZU91c2xMLl9BQ19VWTg3OV8uanBnIjtzOjExOiJkZXNjcmlwdGlvbiI7czoyMTM6IlRoZSBjb2xvciBjb3VsZCBiZSBzbGlnaHRseSBkaWZmZXJlbnQgYmV0d2VlbiBvbiB0aGUgc2NyZWVuIGFuZCBpbiBwcmFjdGljZS4gLyBQbGVhc2Ugbm90ZSB0aGF0IGJvZHkgYnVpbGRzIHZhcnkgYnkgcGVyc29uLCB0aGVyZWZvcmUsIGRldGFpbGVkIHNpemUgaW5mb3JtYXRpb24gc2hvdWxkIGJlIHJldmlld2VkIGJlbG93IG9uIHRoZSBwcm9kdWN0IGRlc2NyaXB0aW9uLiI7czo1OiJwcmljZSI7czo1OiIxNS45OSI7fWk6NDthOjQ6e3M6NToidGl0bGUiO3M6MjA6Ik1lbnMgQ2FzdWFsIFNsaW0gRml0IjtzOjU6ImltYWdlIjtzOjU1OiJodHRwczovL2Zha2VzdG9yZWFwaS5jb20vaW1nLzcxWVh6ZU91c2xMLl9BQ19VWTg3OV8uanBnIjtzOjExOiJkZXNjcmlwdGlvbiI7czoyMTM6IlRoZSBjb2xvciBjb3VsZCBiZSBzbGlnaHRseSBkaWZmZXJlbnQgYmV0d2VlbiBvbiB0aGUgc2NyZWVuIGFuZCBpbiBwcmFjdGljZS4gLyBQbGVhc2Ugbm90ZSB0aGF0IGJvZHkgYnVpbGRzIHZhcnkgYnkgcGVyc29uLCB0aGVyZWZvcmUsIGRldGFpbGVkIHNpemUgaW5mb3JtYXRpb24gc2hvdWxkIGJlIHJldmlld2VkIGJlbG93IG9uIHRoZSBwcm9kdWN0IGRlc2NyaXB0aW9uLiI7czo1OiJwcmljZSI7czo1OiIxNS45OSI7fWk6NTthOjQ6e3M6NToidGl0bGUiO3M6MjA6Ik1lbnMgQ2FzdWFsIFNsaW0gRml0IjtzOjU6ImltYWdlIjtzOjU1OiJodHRwczovL2Zha2VzdG9yZWFwaS5jb20vaW1nLzcxWVh6ZU91c2xMLl9BQ19VWTg3OV8uanBnIjtzOjExOiJkZXNjcmlwdGlvbiI7czoyMTM6IlRoZSBjb2xvciBjb3VsZCBiZSBzbGlnaHRseSBkaWZmZXJlbnQgYmV0d2VlbiBvbiB0aGUgc2NyZWVuIGFuZCBpbiBwcmFjdGljZS4gLyBQbGVhc2Ugbm90ZSB0aGF0IGJvZHkgYnVpbGRzIHZhcnkgYnkgcGVyc29uLCB0aGVyZWZvcmUsIGRldGFpbGVkIHNpemUgaW5mb3JtYXRpb24gc2hvdWxkIGJlIHJldmlld2VkIGJlbG93IG9uIHRoZSBwcm9kdWN0IGRlc2NyaXB0aW9uLiI7czo1OiJwcmljZSI7czo1OiIxNS45OSI7fWk6NjthOjQ6e3M6NToidGl0bGUiO3M6MjA6Ik1lbnMgQ2FzdWFsIFNsaW0gRml0IjtzOjU6ImltYWdlIjtzOjU1OiJodHRwczovL2Zha2VzdG9yZWFwaS5jb20vaW1nLzcxWVh6ZU91c2xMLl9BQ19VWTg3OV8uanBnIjtzOjExOiJkZXNjcmlwdGlvbiI7czoyMTM6IlRoZSBjb2xvciBjb3VsZCBiZSBzbGlnaHRseSBkaWZmZXJlbnQgYmV0d2VlbiBvbiB0aGUgc2NyZWVuIGFuZCBpbiBwcmFjdGljZS4gLyBQbGVhc2Ugbm90ZSB0aGF0IGJvZHkgYnVpbGRzIHZhcnkgYnkgcGVyc29uLCB0aGVyZWZvcmUsIGRldGFpbGVkIHNpemUgaW5mb3JtYXRpb24gc2hvdWxkIGJlIHJldmlld2VkIGJlbG93IG9uIHRoZSBwcm9kdWN0IGRlc2NyaXB0aW9uLiI7czo1OiJwcmljZSI7czo1OiIxNS45OSI7fX19', 1),
(16, 'YToxOntzOjE4OiJvcmRlcl9pdGVtX2RldGFpbHMiO2E6MTp7aTowO2E6NDp7czo1OiJ0aXRsZSI7czo1MzoiRmphbGxyYXZlbiAtIEZvbGRzYWNrIE5vLiAxIEJhY2twYWNrLCBGaXRzIDE1IExhcHRvcHMiO3M6NToiaW1hZ2UiO3M6NTY6Imh0dHBzOi8vZmFrZXN0b3JlYXBpLmNvbS9pbWcvODFmUEtkLTJBWUwuX0FDX1NMMTUwMF8uanBnIjtzOjExOiJkZXNjcmlwdGlvbiI7czoxMzE6IllvdXIgcGVyZmVjdCBwYWNrIGZvciBldmVyeWRheSB1c2UgYW5kIHdhbGtzIGluIHRoZSBmb3Jlc3QuIFN0YXNoIHlvdXIgbGFwdG9wICh1cCB0byAxNSBpbmNoZXMpIGluIHRoZSBwYWRkZWQgc2xlZXZlLCB5b3VyIGV2ZXJ5ZGF5IjtzOjU6InByaWNlIjtzOjY6IjEwOS45NSI7fX19', 1),
(17, 'YToxOntzOjE4OiJvcmRlcl9pdGVtX2RldGFpbHMiO2E6MTp7aTowO2E6NDp7czo1OiJ0aXRsZSI7czo1MzoiRmphbGxyYXZlbiAtIEZvbGRzYWNrIE5vLiAxIEJhY2twYWNrLCBGaXRzIDE1IExhcHRvcHMiO3M6NToiaW1hZ2UiO3M6NTY6Imh0dHBzOi8vZmFrZXN0b3JlYXBpLmNvbS9pbWcvODFmUEtkLTJBWUwuX0FDX1NMMTUwMF8uanBnIjtzOjExOiJkZXNjcmlwdGlvbiI7czoxMzE6IllvdXIgcGVyZmVjdCBwYWNrIGZvciBldmVyeWRheSB1c2UgYW5kIHdhbGtzIGluIHRoZSBmb3Jlc3QuIFN0YXNoIHlvdXIgbGFwdG9wICh1cCB0byAxNSBpbmNoZXMpIGluIHRoZSBwYWRkZWQgc2xlZXZlLCB5b3VyIGV2ZXJ5ZGF5IjtzOjU6InByaWNlIjtzOjY6IjEwOS45NSI7fX19', 1),
(18, 'YToxOntzOjE4OiJvcmRlcl9pdGVtX2RldGFpbHMiO2E6MTp7aTowO2E6NDp7czo1OiJ0aXRsZSI7czo1MzoiRmphbGxyYXZlbiAtIEZvbGRzYWNrIE5vLiAxIEJhY2twYWNrLCBGaXRzIDE1IExhcHRvcHMiO3M6NToiaW1hZ2UiO3M6NTY6Imh0dHBzOi8vZmFrZXN0b3JlYXBpLmNvbS9pbWcvODFmUEtkLTJBWUwuX0FDX1NMMTUwMF8uanBnIjtzOjExOiJkZXNjcmlwdGlvbiI7czoxMzE6IllvdXIgcGVyZmVjdCBwYWNrIGZvciBldmVyeWRheSB1c2UgYW5kIHdhbGtzIGluIHRoZSBmb3Jlc3QuIFN0YXNoIHlvdXIgbGFwdG9wICh1cCB0byAxNSBpbmNoZXMpIGluIHRoZSBwYWRkZWQgc2xlZXZlLCB5b3VyIGV2ZXJ5ZGF5IjtzOjU6InByaWNlIjtzOjY6IjEwOS45NSI7fX19', 1),
(19, 'YToxOntzOjE4OiJvcmRlcl9pdGVtX2RldGFpbHMiO2E6MTp7aTowO2E6NDp7czo1OiJ0aXRsZSI7czozODoiTWVucyBDYXN1YWwgUHJlbWl1bSBTbGltIEZpdCBULVNoaXJ0cyAiO3M6NToiaW1hZ2UiO3M6NzE6Imh0dHBzOi8vZmFrZXN0b3JlYXBpLmNvbS9pbWcvNzEtM0hqR05EVUwuX0FDX1NZODc5Ll9TWC5fVVguX1NZLl9VWV8uanBnIjtzOjExOiJkZXNjcmlwdGlvbiI7czozMzg6IlNsaW0tZml0dGluZyBzdHlsZSwgY29udHJhc3QgcmFnbGFuIGxvbmcgc2xlZXZlLCB0aHJlZS1idXR0b24gaGVubGV5IHBsYWNrZXQsIGxpZ2h0IHdlaWdodCAmIHNvZnQgZmFicmljIGZvciBicmVhdGhhYmxlIGFuZCBjb21mb3J0YWJsZSB3ZWFyaW5nLiBBbmQgU29saWQgc3RpdGNoZWQgc2hpcnRzIHdpdGggcm91bmQgbmVjayBtYWRlIGZvciBkdXJhYmlsaXR5IGFuZCBhIGdyZWF0IGZpdCBmb3IgY2FzdWFsIGZhc2hpb24gd2VhciBhbmQgZGllaGFyZCBiYXNlYmFsbCBmYW5zLiBUaGUgSGVubGV5IHN0eWxlIHJvdW5kIG5lY2tsaW5lIGluY2x1ZGVzIGEgdGhyZWUtYnV0dG9uIHBsYWNrZXQuIjtzOjU6InByaWNlIjtzOjQ6IjIyLjMiO319fQ==', 1),
(20, 'YToxOntzOjE4OiJvcmRlcl9pdGVtX2RldGFpbHMiO2E6MTp7aTowO2E6NDp7czo1OiJ0aXRsZSI7czozODoiTWVucyBDYXN1YWwgUHJlbWl1bSBTbGltIEZpdCBULVNoaXJ0cyAiO3M6NToiaW1hZ2UiO3M6NzE6Imh0dHBzOi8vZmFrZXN0b3JlYXBpLmNvbS9pbWcvNzEtM0hqR05EVUwuX0FDX1NZODc5Ll9TWC5fVVguX1NZLl9VWV8uanBnIjtzOjExOiJkZXNjcmlwdGlvbiI7czozMzg6IlNsaW0tZml0dGluZyBzdHlsZSwgY29udHJhc3QgcmFnbGFuIGxvbmcgc2xlZXZlLCB0aHJlZS1idXR0b24gaGVubGV5IHBsYWNrZXQsIGxpZ2h0IHdlaWdodCAmIHNvZnQgZmFicmljIGZvciBicmVhdGhhYmxlIGFuZCBjb21mb3J0YWJsZSB3ZWFyaW5nLiBBbmQgU29saWQgc3RpdGNoZWQgc2hpcnRzIHdpdGggcm91bmQgbmVjayBtYWRlIGZvciBkdXJhYmlsaXR5IGFuZCBhIGdyZWF0IGZpdCBmb3IgY2FzdWFsIGZhc2hpb24gd2VhciBhbmQgZGllaGFyZCBiYXNlYmFsbCBmYW5zLiBUaGUgSGVubGV5IHN0eWxlIHJvdW5kIG5lY2tsaW5lIGluY2x1ZGVzIGEgdGhyZWUtYnV0dG9uIHBsYWNrZXQuIjtzOjU6InByaWNlIjtzOjQ6IjIyLjMiO319fQ==', 1),
(21, 'YToxOntzOjE4OiJvcmRlcl9pdGVtX2RldGFpbHMiO2E6MTp7aTowO2E6NDp7czo1OiJ0aXRsZSI7czozODoiTWVucyBDYXN1YWwgUHJlbWl1bSBTbGltIEZpdCBULVNoaXJ0cyAiO3M6NToiaW1hZ2UiO3M6NzE6Imh0dHBzOi8vZmFrZXN0b3JlYXBpLmNvbS9pbWcvNzEtM0hqR05EVUwuX0FDX1NZODc5Ll9TWC5fVVguX1NZLl9VWV8uanBnIjtzOjExOiJkZXNjcmlwdGlvbiI7czozMzg6IlNsaW0tZml0dGluZyBzdHlsZSwgY29udHJhc3QgcmFnbGFuIGxvbmcgc2xlZXZlLCB0aHJlZS1idXR0b24gaGVubGV5IHBsYWNrZXQsIGxpZ2h0IHdlaWdodCAmIHNvZnQgZmFicmljIGZvciBicmVhdGhhYmxlIGFuZCBjb21mb3J0YWJsZSB3ZWFyaW5nLiBBbmQgU29saWQgc3RpdGNoZWQgc2hpcnRzIHdpdGggcm91bmQgbmVjayBtYWRlIGZvciBkdXJhYmlsaXR5IGFuZCBhIGdyZWF0IGZpdCBmb3IgY2FzdWFsIGZhc2hpb24gd2VhciBhbmQgZGllaGFyZCBiYXNlYmFsbCBmYW5zLiBUaGUgSGVubGV5IHN0eWxlIHJvdW5kIG5lY2tsaW5lIGluY2x1ZGVzIGEgdGhyZWUtYnV0dG9uIHBsYWNrZXQuIjtzOjU6InByaWNlIjtzOjQ6IjIyLjMiO319fQ==', 1),
(22, 'YToxOntzOjE4OiJvcmRlcl9pdGVtX2RldGFpbHMiO2E6MTp7aTowO2E6NDp7czo1OiJ0aXRsZSI7czoyODoiU29saWQgR29sZCBQZXRpdGUgTWljcm9wYXZlICI7czo1OiJpbWFnZSI7czo2NDoiaHR0cHM6Ly9mYWtlc3RvcmVhcGkuY29tL2ltZy82MXNiTWlVbm9HTC5fQUNfVUw2NDBfUUw2NV9NTDNfLmpwZyI7czoxMToiZGVzY3JpcHRpb24iO3M6MTk1OiJTYXRpc2ZhY3Rpb24gR3VhcmFudGVlZC4gUmV0dXJuIG9yIGV4Y2hhbmdlIGFueSBvcmRlciB3aXRoaW4gMzAgZGF5cy5EZXNpZ25lZCBhbmQgc29sZCBieSBIYWZlZXogQ2VudGVyIGluIHRoZSBVbml0ZWQgU3RhdGVzLiBTYXRpc2ZhY3Rpb24gR3VhcmFudGVlZC4gUmV0dXJuIG9yIGV4Y2hhbmdlIGFueSBvcmRlciB3aXRoaW4gMzAgZGF5cy4iO3M6NToicHJpY2UiO3M6MzoiMTY4Ijt9fX0=', 1),
(23, 'YToxOntzOjE4OiJvcmRlcl9pdGVtX2RldGFpbHMiO2E6MTp7aTowO2E6NDp7czo1OiJ0aXRsZSI7czo1MzoiRmphbGxyYXZlbiAtIEZvbGRzYWNrIE5vLiAxIEJhY2twYWNrLCBGaXRzIDE1IExhcHRvcHMiO3M6NToiaW1hZ2UiO3M6NTY6Imh0dHBzOi8vZmFrZXN0b3JlYXBpLmNvbS9pbWcvODFmUEtkLTJBWUwuX0FDX1NMMTUwMF8uanBnIjtzOjExOiJkZXNjcmlwdGlvbiI7czoxMzE6IllvdXIgcGVyZmVjdCBwYWNrIGZvciBldmVyeWRheSB1c2UgYW5kIHdhbGtzIGluIHRoZSBmb3Jlc3QuIFN0YXNoIHlvdXIgbGFwdG9wICh1cCB0byAxNSBpbmNoZXMpIGluIHRoZSBwYWRkZWQgc2xlZXZlLCB5b3VyIGV2ZXJ5ZGF5IjtzOjU6InByaWNlIjtzOjY6IjEwOS45NSI7fX19', 1),
(24, 'YToxOntzOjE4OiJvcmRlcl9pdGVtX2RldGFpbHMiO2E6MTp7aTowO2E6NDp7czo1OiJ0aXRsZSI7czo3NToiSm9obiBIYXJkeSBXb21lbidzIExlZ2VuZHMgTmFnYSBHb2xkICYgU2lsdmVyIERyYWdvbiBTdGF0aW9uIENoYWluIEJyYWNlbGV0IjtzOjU6ImltYWdlIjtzOjY0OiJodHRwczovL2Zha2VzdG9yZWFwaS5jb20vaW1nLzcxcFd6aGRKTndMLl9BQ19VTDY0MF9RTDY1X01MM18uanBnIjtzOjExOiJkZXNjcmlwdGlvbiI7czoxOTg6IkZyb20gb3VyIExlZ2VuZHMgQ29sbGVjdGlvbiwgdGhlIE5hZ2Egd2FzIGluc3BpcmVkIGJ5IHRoZSBteXRoaWNhbCB3YXRlciBkcmFnb24gdGhhdCBwcm90ZWN0cyB0aGUgb2NlYW4ncyBwZWFybC4gV2VhciBmYWNpbmcgaW53YXJkIHRvIGJlIGJlc3Rvd2VkIHdpdGggbG92ZSBhbmQgYWJ1bmRhbmNlLCBvciBvdXR3YXJkIGZvciBwcm90ZWN0aW9uLiI7czo1OiJwcmljZSI7czozOiI2OTUiO319fQ==', 1),
(25, 'YToxOntzOjE4OiJvcmRlcl9pdGVtX2RldGFpbHMiO2E6MTp7aTowO2E6NDp7czo1OiJ0aXRsZSI7czoxODoiTWVucyBDb3R0b24gSmFja2V0IjtzOjU6ImltYWdlIjtzOjU1OiJodHRwczovL2Zha2VzdG9yZWFwaS5jb20vaW1nLzcxbGktdWp0bFVMLl9BQ19VWDY3OV8uanBnIjtzOjExOiJkZXNjcmlwdGlvbiI7czozMDc6ImdyZWF0IG91dGVyd2VhciBqYWNrZXRzIGZvciBTcHJpbmcvQXV0dW1uL1dpbnRlciwgc3VpdGFibGUgZm9yIG1hbnkgb2NjYXNpb25zLCBzdWNoIGFzIHdvcmtpbmcsIGhpa2luZywgY2FtcGluZywgbW91bnRhaW4vcm9jayBjbGltYmluZywgY3ljbGluZywgdHJhdmVsaW5nIG9yIG90aGVyIG91dGRvb3JzLiBHb29kIGdpZnQgY2hvaWNlIGZvciB5b3Ugb3IgeW91ciBmYW1pbHkgbWVtYmVyLiBBIHdhcm0gaGVhcnRlZCBsb3ZlIHRvIEZhdGhlciwgaHVzYmFuZCBvciBzb24gaW4gdGhpcyB0aGFua3NnaXZpbmcgb3IgQ2hyaXN0bWFzIERheS4iO3M6NToicHJpY2UiO3M6NToiNTUuOTkiO319fQ==', 1),
(26, 'YToxOntzOjE4OiJvcmRlcl9pdGVtX2RldGFpbHMiO2E6MTp7aTowO2E6NDp7czo1OiJ0aXRsZSI7czo1MzoiRmphbGxyYXZlbiAtIEZvbGRzYWNrIE5vLiAxIEJhY2twYWNrLCBGaXRzIDE1IExhcHRvcHMiO3M6NToiaW1hZ2UiO3M6NTY6Imh0dHBzOi8vZmFrZXN0b3JlYXBpLmNvbS9pbWcvODFmUEtkLTJBWUwuX0FDX1NMMTUwMF8uanBnIjtzOjExOiJkZXNjcmlwdGlvbiI7czoxMzE6IllvdXIgcGVyZmVjdCBwYWNrIGZvciBldmVyeWRheSB1c2UgYW5kIHdhbGtzIGluIHRoZSBmb3Jlc3QuIFN0YXNoIHlvdXIgbGFwdG9wICh1cCB0byAxNSBpbmNoZXMpIGluIHRoZSBwYWRkZWQgc2xlZXZlLCB5b3VyIGV2ZXJ5ZGF5IjtzOjU6InByaWNlIjtzOjY6IjEwOS45NSI7fX19', 1),
(27, 'YToxOntzOjE4OiJvcmRlcl9pdGVtX2RldGFpbHMiO2E6MTp7aTowO2E6NDp7czo1OiJ0aXRsZSI7czo1MzoiRmphbGxyYXZlbiAtIEZvbGRzYWNrIE5vLiAxIEJhY2twYWNrLCBGaXRzIDE1IExhcHRvcHMiO3M6NToiaW1hZ2UiO3M6NTY6Imh0dHBzOi8vZmFrZXN0b3JlYXBpLmNvbS9pbWcvODFmUEtkLTJBWUwuX0FDX1NMMTUwMF8uanBnIjtzOjExOiJkZXNjcmlwdGlvbiI7czoxMzE6IllvdXIgcGVyZmVjdCBwYWNrIGZvciBldmVyeWRheSB1c2UgYW5kIHdhbGtzIGluIHRoZSBmb3Jlc3QuIFN0YXNoIHlvdXIgbGFwdG9wICh1cCB0byAxNSBpbmNoZXMpIGluIHRoZSBwYWRkZWQgc2xlZXZlLCB5b3VyIGV2ZXJ5ZGF5IjtzOjU6InByaWNlIjtzOjY6IjEwOS45NSI7fX19', 1),
(28, 'YToxOntzOjE4OiJvcmRlcl9pdGVtX2RldGFpbHMiO2E6MTp7aTowO2E6NDp7czo1OiJ0aXRsZSI7czo1NjoiQklZTEFDTEVTRU4gV29tZW4ncyAzLWluLTEgU25vd2JvYXJkIEphY2tldCBXaW50ZXIgQ29hdHMiO3M6NToiaW1hZ2UiO3M6NTU6Imh0dHBzOi8vZmFrZXN0b3JlYXBpLmNvbS9pbWcvNTFZNU5JLUk1akwuX0FDX1VYNjc5Xy5qcGciO3M6MTE6ImRlc2NyaXB0aW9uIjtzOjc3MjoiTm90ZTpUaGUgSmFja2V0cyBpcyBVUyBzdGFuZGFyZCBzaXplLCBQbGVhc2UgY2hvb3NlIHNpemUgYXMgeW91ciB1c3VhbCB3ZWFyIE1hdGVyaWFsOiAxMDAlIFBvbHllc3RlcjsgRGV0YWNoYWJsZSBMaW5lciBGYWJyaWM6IFdhcm0gRmxlZWNlLiBEZXRhY2hhYmxlIEZ1bmN0aW9uYWwgTGluZXI6IFNraW4gRnJpZW5kbHksIExpZ2h0d2VpZ3QgYW5kIFdhcm0uU3RhbmQgQ29sbGFyIExpbmVyIGphY2tldCwga2VlcCB5b3Ugd2FybSBpbiBjb2xkIHdlYXRoZXIuIFppcHBlcmVkIFBvY2tldHM6IDIgWmlwcGVyZWQgSGFuZCBQb2NrZXRzLCAyIFppcHBlcmVkIFBvY2tldHMgb24gQ2hlc3QgKGVub3VnaCB0byBrZWVwIGNhcmRzIG9yIGtleXMpYW5kIDEgSGlkZGVuIFBvY2tldCBJbnNpZGUuWmlwcGVyZWQgSGFuZCBQb2NrZXRzIGFuZCBIaWRkZW4gUG9ja2V0IGtlZXAgeW91ciB0aGluZ3Mgc2VjdXJlLiBIdW1hbml6ZWQgRGVzaWduOiBBZGp1c3RhYmxlIGFuZCBEZXRhY2hhYmxlIEhvb2QgYW5kIEFkanVzdGFibGUgY3VmZiB0byBwcmV2ZW50IHRoZSB3aW5kIGFuZCB3YXRlcixmb3IgYSBjb21mb3J0YWJsZSBmaXQuIDMgaW4gMSBEZXRhY2hhYmxlIERlc2lnbiBwcm92aWRlIG1vcmUgY29udmVuaWVuY2UsIHlvdSBjYW4gc2VwYXJhdGUgdGhlIGNvYXQgYW5kIGlubmVyIGFzIG5lZWRlZCwgb3Igd2VhciBpdCB0b2dldGhlci4gSXQgaXMgc3VpdGFibGUgZm9yIGRpZmZlcmVudCBzZWFzb24gYW5kIGhlbHAgeW91IGFkYXB0IHRvIGRpZmZlcmVudCBjbGltYXRlcyI7czo1OiJwcmljZSI7czo1OiI1Ni45OSI7fX19', 1),
(29, 'YToxOntzOjE4OiJvcmRlcl9pdGVtX2RldGFpbHMiO2E6MTp7aTowO2E6NDp7czo1OiJ0aXRsZSI7czo3NjoiU2lsaWNvbiBQb3dlciAyNTZHQiBTU0QgM0QgTkFORCBBNTUgU0xDIENhY2hlIFBlcmZvcm1hbmNlIEJvb3N0IFNBVEEgSUlJIDIuNSI7czo1OiJpbWFnZSI7czo1NToiaHR0cHM6Ly9mYWtlc3RvcmVhcGkuY29tL2ltZy83MWtXeW1aK2MrTC5fQUNfU1g2NzlfLmpwZyI7czoxMToiZGVzY3JpcHRpb24iO3M6NDU3OiIzRCBOQU5EIGZsYXNoIGFyZSBhcHBsaWVkIHRvIGRlbGl2ZXIgaGlnaCB0cmFuc2ZlciBzcGVlZHMgUmVtYXJrYWJsZSB0cmFuc2ZlciBzcGVlZHMgdGhhdCBlbmFibGUgZmFzdGVyIGJvb3R1cCBhbmQgaW1wcm92ZWQgb3ZlcmFsbCBzeXN0ZW0gcGVyZm9ybWFuY2UuIFRoZSBhZHZhbmNlZCBTTEMgQ2FjaGUgVGVjaG5vbG9neSBhbGxvd3MgcGVyZm9ybWFuY2UgYm9vc3QgYW5kIGxvbmdlciBsaWZlc3BhbiA3bW0gc2xpbSBkZXNpZ24gc3VpdGFibGUgZm9yIFVsdHJhYm9va3MgYW5kIFVsdHJhLXNsaW0gbm90ZWJvb2tzLiBTdXBwb3J0cyBUUklNIGNvbW1hbmQsIEdhcmJhZ2UgQ29sbGVjdGlvbiB0ZWNobm9sb2d5LCBSQUlELCBhbmQgRUNDIChFcnJvciBDaGVja2luZyAmIENvcnJlY3Rpb24pIHRvIHByb3ZpZGUgdGhlIG9wdGltaXplZCBwZXJmb3JtYW5jZSBhbmQgZW5oYW5jZWQgcmVsaWFiaWxpdHkuIjtzOjU6InByaWNlIjtzOjM6IjEwOSI7fX19', 1),
(30, 'YToxOntzOjE4OiJvcmRlcl9pdGVtX2RldGFpbHMiO2E6MTp7aTowO2E6NDp7czo1OiJ0aXRsZSI7czoxODoiTWVucyBDb3R0b24gSmFja2V0IjtzOjU6ImltYWdlIjtzOjU1OiJodHRwczovL2Zha2VzdG9yZWFwaS5jb20vaW1nLzcxbGktdWp0bFVMLl9BQ19VWDY3OV8uanBnIjtzOjExOiJkZXNjcmlwdGlvbiI7czozMDc6ImdyZWF0IG91dGVyd2VhciBqYWNrZXRzIGZvciBTcHJpbmcvQXV0dW1uL1dpbnRlciwgc3VpdGFibGUgZm9yIG1hbnkgb2NjYXNpb25zLCBzdWNoIGFzIHdvcmtpbmcsIGhpa2luZywgY2FtcGluZywgbW91bnRhaW4vcm9jayBjbGltYmluZywgY3ljbGluZywgdHJhdmVsaW5nIG9yIG90aGVyIG91dGRvb3JzLiBHb29kIGdpZnQgY2hvaWNlIGZvciB5b3Ugb3IgeW91ciBmYW1pbHkgbWVtYmVyLiBBIHdhcm0gaGVhcnRlZCBsb3ZlIHRvIEZhdGhlciwgaHVzYmFuZCBvciBzb24gaW4gdGhpcyB0aGFua3NnaXZpbmcgb3IgQ2hyaXN0bWFzIERheS4iO3M6NToicHJpY2UiO3M6NToiNTUuOTkiO319fQ==', 1),
(31, 'YToxOntzOjE4OiJvcmRlcl9pdGVtX2RldGFpbHMiO2E6NDp7aTowO2E6NDp7czo1OiJ0aXRsZSI7czo1NjoiUmFpbiBKYWNrZXQgV29tZW4gV2luZGJyZWFrZXIgU3RyaXBlZCBDbGltYmluZyBSYWluY29hdHMiO3M6NToiaW1hZ2UiO3M6NTc6Imh0dHBzOi8vZmFrZXN0b3JlYXBpLmNvbS9pbWcvNzFIYmxBSHM1eEwuX0FDX1VZODc5Xy0yLmpwZyI7czoxMToiZGVzY3JpcHRpb24iO3M6Mzk4OiJMaWdodHdlaWdodCBwZXJmZXQgZm9yIHRyaXAgb3IgY2FzdWFsIHdlYXItLS1Mb25nIHNsZWV2ZSB3aXRoIGhvb2RlZCwgYWRqdXN0YWJsZSBkcmF3c3RyaW5nIHdhaXN0IGRlc2lnbi4gQnV0dG9uIGFuZCB6aXBwZXIgZnJvbnQgY2xvc3VyZSByYWluY29hdCwgZnVsbHkgc3RyaXBlcyBMaW5lZCBhbmQgVGhlIFJhaW5jb2F0IGhhcyAyIHNpZGUgcG9ja2V0cyBhcmUgYSBnb29kIHNpemUgdG8gaG9sZCBhbGwga2luZHMgb2YgdGhpbmdzLCBpdCBjb3ZlcnMgdGhlIGhpcHMsIGFuZCB0aGUgaG9vZCBpcyBnZW5lcm91cyBidXQgZG9lc24ndCBvdmVyZG8gaXQuQXR0YWNoZWQgQ290dG9uIExpbmVkIEhvb2Qgd2l0aCBBZGp1c3RhYmxlIERyYXdzdHJpbmdzIGdpdmUgaXQgYSByZWFsIHN0eWxlZCBsb29rLiI7czo1OiJwcmljZSI7czo1OiIzOS45OSI7fWk6MTthOjQ6e3M6NToidGl0bGUiO3M6NzU6IkpvaG4gSGFyZHkgV29tZW4ncyBMZWdlbmRzIE5hZ2EgR29sZCAmIFNpbHZlciBEcmFnb24gU3RhdGlvbiBDaGFpbiBCcmFjZWxldCI7czo1OiJpbWFnZSI7czo2NDoiaHR0cHM6Ly9mYWtlc3RvcmVhcGkuY29tL2ltZy83MXBXemhkSk53TC5fQUNfVUw2NDBfUUw2NV9NTDNfLmpwZyI7czoxMToiZGVzY3JpcHRpb24iO3M6MTk4OiJGcm9tIG91ciBMZWdlbmRzIENvbGxlY3Rpb24sIHRoZSBOYWdhIHdhcyBpbnNwaXJlZCBieSB0aGUgbXl0aGljYWwgd2F0ZXIgZHJhZ29uIHRoYXQgcHJvdGVjdHMgdGhlIG9jZWFuJ3MgcGVhcmwuIFdlYXIgZmFjaW5nIGlud2FyZCB0byBiZSBiZXN0b3dlZCB3aXRoIGxvdmUgYW5kIGFidW5kYW5jZSwgb3Igb3V0d2FyZCBmb3IgcHJvdGVjdGlvbi4iO3M6NToicHJpY2UiO3M6MzoiNjk1Ijt9aToyO2E6NDp7czo1OiJ0aXRsZSI7czo3MzoiV0QgNFRCIEdhbWluZyBEcml2ZSBXb3JrcyB3aXRoIFBsYXlzdGF0aW9uIDQgUG9ydGFibGUgRXh0ZXJuYWwgSGFyZCBEcml2ZSI7czo1OiJpbWFnZSI7czo1NToiaHR0cHM6Ly9mYWtlc3RvcmVhcGkuY29tL2ltZy82MW10TDY1RDRjTC5fQUNfU1g2NzlfLmpwZyI7czoxMToiZGVzY3JpcHRpb24iO3M6MTQxOiJFeHBhbmQgeW91ciBQUzQgZ2FtaW5nIGV4cGVyaWVuY2UsIFBsYXkgYW55d2hlcmUgRmFzdCBhbmQgZWFzeSwgc2V0dXAgU2xlZWsgZGVzaWduIHdpdGggaGlnaCBjYXBhY2l0eSwgMy15ZWFyIG1hbnVmYWN0dXJlcidzIGxpbWl0ZWQgd2FycmFudHkiO3M6NToicHJpY2UiO3M6MzoiMTE0Ijt9aTozO2E6NDp7czo1OiJ0aXRsZSI7czo3MzoiV0QgNFRCIEdhbWluZyBEcml2ZSBXb3JrcyB3aXRoIFBsYXlzdGF0aW9uIDQgUG9ydGFibGUgRXh0ZXJuYWwgSGFyZCBEcml2ZSI7czo1OiJpbWFnZSI7czo1NToiaHR0cHM6Ly9mYWtlc3RvcmVhcGkuY29tL2ltZy82MW10TDY1RDRjTC5fQUNfU1g2NzlfLmpwZyI7czoxMToiZGVzY3JpcHRpb24iO3M6MTQxOiJFeHBhbmQgeW91ciBQUzQgZ2FtaW5nIGV4cGVyaWVuY2UsIFBsYXkgYW55d2hlcmUgRmFzdCBhbmQgZWFzeSwgc2V0dXAgU2xlZWsgZGVzaWduIHdpdGggaGlnaCBjYXBhY2l0eSwgMy15ZWFyIG1hbnVmYWN0dXJlcidzIGxpbWl0ZWQgd2FycmFudHkiO3M6NToicHJpY2UiO3M6MzoiMTE0Ijt9fX0=', 1),
(32, 'YToxOntzOjE4OiJvcmRlcl9pdGVtX2RldGFpbHMiO2E6Mzp7aTowO2E6NDp7czo1OiJ0aXRsZSI7czo1NToiV0QgMlRCIEVsZW1lbnRzIFBvcnRhYmxlIEV4dGVybmFsIEhhcmQgRHJpdmUgLSBVU0IgMy4wICI7czo1OiJpbWFnZSI7czo1NToiaHR0cHM6Ly9mYWtlc3RvcmVhcGkuY29tL2ltZy82MUlCQlZKdlNETC5fQUNfU1k4NzlfLmpwZyI7czoxMToiZGVzY3JpcHRpb24iO3M6MzA3OiJVU0IgMy4wIGFuZCBVU0IgMi4wIENvbXBhdGliaWxpdHkgRmFzdCBkYXRhIHRyYW5zZmVycyBJbXByb3ZlIFBDIFBlcmZvcm1hbmNlIEhpZ2ggQ2FwYWNpdHk7IENvbXBhdGliaWxpdHkgRm9ybWF0dGVkIE5URlMgZm9yIFdpbmRvd3MgMTAsIFdpbmRvd3MgOC4xLCBXaW5kb3dzIDc7IFJlZm9ybWF0dGluZyBtYXkgYmUgcmVxdWlyZWQgZm9yIG90aGVyIG9wZXJhdGluZyBzeXN0ZW1zOyBDb21wYXRpYmlsaXR5IG1heSB2YXJ5IGRlcGVuZGluZyBvbiB1c2Vy4oCZcyBoYXJkd2FyZSBjb25maWd1cmF0aW9uIGFuZCBvcGVyYXRpbmcgc3lzdGVtIjtzOjU6InByaWNlIjtzOjI6IjY0Ijt9aToxO2E6NDp7czo1OiJ0aXRsZSI7czo3MzoiV0QgNFRCIEdhbWluZyBEcml2ZSBXb3JrcyB3aXRoIFBsYXlzdGF0aW9uIDQgUG9ydGFibGUgRXh0ZXJuYWwgSGFyZCBEcml2ZSI7czo1OiJpbWFnZSI7czo1NToiaHR0cHM6Ly9mYWtlc3RvcmVhcGkuY29tL2ltZy82MW10TDY1RDRjTC5fQUNfU1g2NzlfLmpwZyI7czoxMToiZGVzY3JpcHRpb24iO3M6MTQxOiJFeHBhbmQgeW91ciBQUzQgZ2FtaW5nIGV4cGVyaWVuY2UsIFBsYXkgYW55d2hlcmUgRmFzdCBhbmQgZWFzeSwgc2V0dXAgU2xlZWsgZGVzaWduIHdpdGggaGlnaCBjYXBhY2l0eSwgMy15ZWFyIG1hbnVmYWN0dXJlcidzIGxpbWl0ZWQgd2FycmFudHkiO3M6NToicHJpY2UiO3M6MzoiMTE0Ijt9aToyO2E6NDp7czo1OiJ0aXRsZSI7czo2MzoiQWNlciBTQjIyMFEgYmkgMjEuNSBpbmNoZXMgRnVsbCBIRCAoMTkyMCB4IDEwODApIElQUyBVbHRyYS1UaGluIjtzOjU6ImltYWdlIjtzOjU1OiJodHRwczovL2Zha2VzdG9yZWFwaS5jb20vaW1nLzgxUXBrSWN0cVBMLl9BQ19TWDY3OV8uanBnIjtzOjExOiJkZXNjcmlwdGlvbiI7czo0MjA6IjIxLiA1IGluY2hlcyBGdWxsIEhEICgxOTIwIHggMTA4MCkgd2lkZXNjcmVlbiBJUFMgZGlzcGxheSBBbmQgUmFkZW9uIGZyZWUgU3luYyB0ZWNobm9sb2d5LiBObyBjb21wYXRpYmlsaXR5IGZvciBWRVNBIE1vdW50IFJlZnJlc2ggUmF0ZTogNzVIeiAtIFVzaW5nIEhETUkgcG9ydCBaZXJvLWZyYW1lIGRlc2lnbiB8IHVsdHJhLXRoaW4gfCA0bXMgcmVzcG9uc2UgdGltZSB8IElQUyBwYW5lbCBBc3BlY3QgcmF0aW8gLSAxNjogOS4gQ29sb3IgU3VwcG9ydGVkIC0gMTYuIDcgbWlsbGlvbiBjb2xvcnMuIEJyaWdodG5lc3MgLSAyNTAgbml0IFRpbHQgYW5nbGUgLTUgZGVncmVlIHRvIDE1IGRlZ3JlZS4gSG9yaXpvbnRhbCB2aWV3aW5nIGFuZ2xlLTE3OCBkZWdyZWUuIFZlcnRpY2FsIHZpZXdpbmcgYW5nbGUtMTc4IGRlZ3JlZSA3NSBoZXJ0eiI7czo1OiJwcmljZSI7czozOiI1OTkiO319fQ==', 1),
(33, 'YToxOntzOjE4OiJvcmRlcl9pdGVtX2RldGFpbHMiO2E6MTp7aTowO2E6NDp7czo1OiJ0aXRsZSI7czo2MzoiQWNlciBTQjIyMFEgYmkgMjEuNSBpbmNoZXMgRnVsbCBIRCAoMTkyMCB4IDEwODApIElQUyBVbHRyYS1UaGluIjtzOjU6ImltYWdlIjtzOjU1OiJodHRwczovL2Zha2VzdG9yZWFwaS5jb20vaW1nLzgxUXBrSWN0cVBMLl9BQ19TWDY3OV8uanBnIjtzOjExOiJkZXNjcmlwdGlvbiI7czo0MjA6IjIxLiA1IGluY2hlcyBGdWxsIEhEICgxOTIwIHggMTA4MCkgd2lkZXNjcmVlbiBJUFMgZGlzcGxheSBBbmQgUmFkZW9uIGZyZWUgU3luYyB0ZWNobm9sb2d5LiBObyBjb21wYXRpYmlsaXR5IGZvciBWRVNBIE1vdW50IFJlZnJlc2ggUmF0ZTogNzVIeiAtIFVzaW5nIEhETUkgcG9ydCBaZXJvLWZyYW1lIGRlc2lnbiB8IHVsdHJhLXRoaW4gfCA0bXMgcmVzcG9uc2UgdGltZSB8IElQUyBwYW5lbCBBc3BlY3QgcmF0aW8gLSAxNjogOS4gQ29sb3IgU3VwcG9ydGVkIC0gMTYuIDcgbWlsbGlvbiBjb2xvcnMuIEJyaWdodG5lc3MgLSAyNTAgbml0IFRpbHQgYW5nbGUgLTUgZGVncmVlIHRvIDE1IGRlZ3JlZS4gSG9yaXpvbnRhbCB2aWV3aW5nIGFuZ2xlLTE3OCBkZWdyZWUuIFZlcnRpY2FsIHZpZXdpbmcgYW5nbGUtMTc4IGRlZ3JlZSA3NSBoZXJ0eiI7czo1OiJwcmljZSI7czozOiI1OTkiO319fQ==', 1);

-- --------------------------------------------------------

--
-- Table structure for table `orders`
--

CREATE TABLE `orders` (
  `id` int(11) NOT NULL,
  `total` float NOT NULL,
  `user_id` int(11) NOT NULL,
  `user_type` tinyint(4) NOT NULL
) ENGINE=InnoDB DEFAULT CHARSET=latin1;

--
-- Dumping data for table `orders`
--

INSERT INTO `orders` (`id`, `total`, `user_id`, `user_type`) VALUES
(1, 717.3, 1, 0),
(2, 717.3, 1, 0),
(3, 119.94, 5, 1),
(4, 962.99, 6, 1),
(5, 777, 2, 0);

-- --------------------------------------------------------

--
-- Table structure for table `order_item_details`
--

CREATE TABLE `order_item_details` (
  `id` int(10) NOT NULL,
  `order_id` int(10) NOT NULL,
  `title` text NOT NULL,
  `description` text NOT NULL,
  `image` text NOT NULL,
  `price` float NOT NULL
) ENGINE=InnoDB DEFAULT CHARSET=latin1;

--
-- Dumping data for table `order_item_details`
--

INSERT INTO `order_item_details` (`id`, `order_id`, `title`, `description`, `image`, `price`) VALUES
(1, 1, 'John Hardy Women\'s Legends Naga Gold & Silver Dragon Station Chain Bracelet', 'From our Legends Collection, the Naga was inspired by the mythical water dragon that protects the ocean\'s pearl. Wear facing inward to be bestowed with love and abundance, or outward for protection.', 'https://fakestoreapi.com/img/71pWzhdJNwL._AC_UL640_QL65_ML3_.jpg', 695),
(2, 2, 'John Hardy Women\'s Legends Naga Gold & Silver Dragon Station Chain Bracelet', 'From our Legends Collection, the Naga was inspired by the mythical water dragon that protects the ocean\'s pearl. Wear facing inward to be bestowed with love and abundance, or outward for protection.', 'https://fakestoreapi.com/img/71pWzhdJNwL._AC_UL640_QL65_ML3_.jpg', 695),
(3, 3, 'Fjallraven - Foldsack No. 1 Backpack, Fits 15 Laptops', 'Your perfect pack for everyday use and walks in the forest. Stash your laptop (up to 15 inches) in the padded sleeve, your everyday', 'https://fakestoreapi.com/img/81fPKd-2AYL._AC_SL1500_.jpg', 109.95),
(4, 4, 'Rain Jacket Women Windbreaker Striped Climbing Raincoats', 'Lightweight perfet for trip or casual wear---Long sleeve with hooded, adjustable drawstring waist design. Button and zipper front closure raincoat, fully stripes Lined and The Raincoat has 2 side pockets are a good size to hold all kinds of things, it covers the hips, and the hood is generous but doesn\'t overdo it.Attached Cotton Lined Hood with Adjustable Drawstrings give it a real styled look.', 'https://fakestoreapi.com/img/71HblAHs5xL._AC_UY879_-2.jpg', 39.99),
(5, 4, 'John Hardy Women\'s Legends Naga Gold & Silver Dragon Station Chain Bracelet', 'From our Legends Collection, the Naga was inspired by the mythical water dragon that protects the ocean\'s pearl. Wear facing inward to be bestowed with love and abundance, or outward for protection.', 'https://fakestoreapi.com/img/71pWzhdJNwL._AC_UL640_QL65_ML3_.jpg', 695),
(6, 4, 'WD 4TB Gaming Drive Works with Playstation 4 Portable External Hard Drive', 'Expand your PS4 gaming experience, Play anywhere Fast and easy, setup Sleek design with high capacity, 3-year manufacturer\'s limited warranty', 'https://fakestoreapi.com/img/61mtL65D4cL._AC_SX679_.jpg', 114),
(7, 4, 'WD 4TB Gaming Drive Works with Playstation 4 Portable External Hard Drive', 'Expand your PS4 gaming experience, Play anywhere Fast and easy, setup Sleek design with high capacity, 3-year manufacturer\'s limited warranty', 'https://fakestoreapi.com/img/61mtL65D4cL._AC_SX679_.jpg', 114),
(8, 5, 'WD 2TB Elements Portable External Hard Drive - USB 3.0 ', 'USB 3.0 and USB 2.0 Compatibility Fast data transfers Improve PC Performance High Capacity; Compatibility Formatted NTFS for Windows 10, Windows 8.1, Windows 7; Reformatting may be required for other operating systems; Compatibility may vary depending on user’s hardware configuration and operating system', 'https://fakestoreapi.com/img/61IBBVJvSDL._AC_SY879_.jpg', 64),
(9, 5, 'WD 4TB Gaming Drive Works with Playstation 4 Portable External Hard Drive', 'Expand your PS4 gaming experience, Play anywhere Fast and easy, setup Sleek design with high capacity, 3-year manufacturer\'s limited warranty', 'https://fakestoreapi.com/img/61mtL65D4cL._AC_SX679_.jpg', 114),
(10, 5, 'Acer SB220Q bi 21.5 inches Full HD (1920 x 1080) IPS Ultra-Thin', '21. 5 inches Full HD (1920 x 1080) widescreen IPS display And Radeon free Sync technology. No compatibility for VESA Mount Refresh Rate: 75Hz - Using HDMI port Zero-frame design | ultra-thin | 4ms response time | IPS panel Aspect ratio - 16: 9. Color Supported - 16. 7 million colors. Brightness - 250 nit Tilt angle -5 degree to 15 degree. Horizontal viewing angle-178 degree. Vertical viewing angle-178 degree 75 hertz', 'https://fakestoreapi.com/img/81QpkIctqPL._AC_SX679_.jpg', 599);

-- --------------------------------------------------------

--
-- Table structure for table `users`
--

CREATE TABLE `users` (
  `id` int(10) NOT NULL,
  `name` varchar(50) NOT NULL,
  `email` text NOT NULL,
  `phone` varchar(20) NOT NULL,
  `password` varchar(50) NOT NULL,
  `address` text NOT NULL,
  `user_type` tinyint(4) NOT NULL COMMENT '1=guest,0=customer'
) ENGINE=InnoDB DEFAULT CHARSET=latin1;

--
-- Dumping data for table `users`
--

INSERT INTO `users` (`id`, `name`, `email`, `phone`, `password`, `address`, `user_type`) VALUES
(1, 'shan', 'user@gmail.com', '5434343434', 'e10adc3949ba59abbe56e057f20f883e', '', 0),
(2, 'test', 'testuser@gmail.com', '1111111111', 'e10adc3949ba59abbe56e057f20f883e', '', 0),
(3, 'new user', 'testuse1r@gmail.com', '3333333333', 'e10adc3949ba59abbe56e057f20f883e', 'Mumbai Agra Highway', 0),
(5, 'test', 'geust@gmail.com', '2222222222', '', 'nashik panchavati', 1),
(6, 'test', 'guest2@gmail.com', '7777777777', '', 'guest@gmail.com', 1);

--
-- Indexes for dumped tables
--

--
-- Indexes for table `carts`
--
ALTER TABLE `carts`
  ADD PRIMARY KEY (`id`);

--
-- Indexes for table `orders`
--
ALTER TABLE `orders`
  ADD PRIMARY KEY (`id`);

--
-- Indexes for table `order_item_details`
--
ALTER TABLE `order_item_details`
  ADD PRIMARY KEY (`id`);

--
-- Indexes for table `users`
--
ALTER TABLE `users`
  ADD PRIMARY KEY (`id`);

--
-- AUTO_INCREMENT for dumped tables
--

--
-- AUTO_INCREMENT for table `carts`
--
ALTER TABLE `carts`
  MODIFY `id` int(10) NOT NULL AUTO_INCREMENT, AUTO_INCREMENT=34;

--
-- AUTO_INCREMENT for table `orders`
--
ALTER TABLE `orders`
  MODIFY `id` int(11) NOT NULL AUTO_INCREMENT, AUTO_INCREMENT=6;

--
-- AUTO_INCREMENT for table `order_item_details`
--
ALTER TABLE `order_item_details`
  MODIFY `id` int(10) NOT NULL AUTO_INCREMENT, AUTO_INCREMENT=11;

--
-- AUTO_INCREMENT for table `users`
--
ALTER TABLE `users`
  MODIFY `id` int(10) NOT NULL AUTO_INCREMENT, AUTO_INCREMENT=7;
COMMIT;

/*!40101 SET CHARACTER_SET_CLIENT=@OLD_CHARACTER_SET_CLIENT */;
/*!40101 SET CHARACTER_SET_RESULTS=@OLD_CHARACTER_SET_RESULTS */;
/*!40101 SET COLLATION_CONNECTION=@OLD_COLLATION_CONNECTION */;
